同	LdAJ.LdAJ
冈	LdOs.LdOs
𠕁	LdE.LdE
冏	LdOJ.LdOJ
罔	LdUaSh.LdUS
岡	LdUaLl.LdUL
冋	LdJ.LdJ
用	LdBi.LdBi
𦉫	LdBd.LdBd
网	LdOsOs.LdOO
𦉳	LdXsXs.LdXX
𠔿	LdOd.LdOd
𠔼	LdA.LdA
㒺	LdUaOdZ.LdOZ
冃	LdBd.LdBd
𫝀	RZXM.RZXM
茍	AiRJ.AiRJ
亍	BdI.BdI
一	A.A
丁	Ai.Ai
土	B.B
士	B.B
二	Bd.Bd
工	Bi.Bi
示	Bk.Bk
者	Bm.Bm
耂	Bm.Bm
走	Bo.Bo
亞	Bz.Bz
𠁁	Bz.Bz
王	C.C
𤣩	C.C
鬥	Cc.Cc
三	Cd.Cd
耳	Ce.Ce
長	Ch.Ch	//tc
长	Ch.Ch	//tc
镸	Ch.Ch
髟	Ch.Ch
豐	Ci.Ci	//tc
丰	Ci.Ci	//tc
龶	Ci.Ci
耒	Ck.Ck
春	Co.Co
𡗗	Co.Co
玉	Cs.Cs
馬	Cu.Cu
扌	D.D
寸	Ds.Ds
卅	E.E
艹	IAId.IAId	//?
艹	E.E
卄	E.E
卌	E.E
廾	E.E
龷	E.E
廿	Ea.Ea
丗	Ea.Ea
甘	Eb.Eb
𠀎	Eb.Eb
其	Ec.Ec
十	Ed.Ed
𬂛	Ed.Ed
革	Ee.Ee
栽	Eh.Eh
𢦏	Eh.Eh
木	F.F
朩	F.F
𣎳	F.F
甫	Fb.Fb
酉	Fd.Fd
西	Fj.Fj
襾	Fj.Fj
覀	Fj.Fj
車	Fk.Fk
雨	Fv.Fv
石	G.G
大	Gd.Gd
𠂇	Gd.Gd
厂	Gg.Gg	//tc
丆	Gd.Gd
辰	Gh.Gh
不	Gi.Gi
而	Gl.Gl
尨	Gm.Gm	//tc
龙	Gm.Gm	//tc
頁	Go.Go
页	Go.Go
豕	Gq.Gq
乑	Gq.Gq
𧰨	Gq.Gq
尤	Gr.Gr
兀	Gr.Gr
尢	Gr.Gr
臣	H.H
匸	H.H
𦣞	H.H
𦣝	H.H
𠥓	H.H
匚	H.H
至	Hb.Hb
七	Hd.Hd
𫠠	Hd.Hd
车	He.He	//tc
牙	Hi.Hi
戈	Hm.Hm
𭠍	Hm.Hm
戋	Hm.Hm
㦮	Hm.Hm
戊	Hm.Hm
弋	Hs.Hs
蟲	I.I	//tc
虫	I.I	//tc
丨	I.I
亅	I.I
卜	Id.Id
⺊	Id.Id
虎	Ih.Ih
虍	Ih.Ih
止	Ii.Ii
龰	Ii.Ii
齒	Io.Io	//tc
齿	Io.Io	//tc
口	J.J
〇	J.J
㇣	J.J
因	Jd.Jd
囗	Jd.Jd
足	Ji.Ji
𧾷	Ji.Ji
日	K.K
曰	K.K
非	Kc.Kc
刂	Kd.Kd
〢	Kd.Kd
田	Ki.Ki
由	Kia.Kia
甴	Kia.Kia
甲	Kib.Kib
曱	Kib.Kib
申	Kic.Kic
小	Ko.Ko
⺌	Ko.Ko
𡭔	Ko.Ko
𣥂	Ko.Ko
业	Ku.Ku
水	Kv.Kv
氺	Kv.Kv
目	L.L
且	Lc.Lc
同	Ld.Ld
冂	Ld.Ld
𠕎	LdOdOd.LdOO
𠕏	LdUaZ.LdUZ
巾	Li.Li
咼	Lj.Lj
四	Lk.Lk
罒	Lk.Lk
皿	Lka.Lka
山	Ll.Ll
貝	Lo.Lo	//tc
贝	Lo.Lo	//tc
見	Lr.Lr	//tc
见	Lr.Lr	//tc
骨	Lw.Lw
𥫗	M.M
㇓	M.M
丿	M.M
矢	Ma.Ma
𠂉	Ma.Ma
牛	Mb.Mb
𠂒	Mb.Mb
㐄	Mb.Mb
牜	Mb.Mb
生	Mc.Mc
手	Md.Md
龵	Md.Md
千	Me.Me
禾	Mf.Mf
毛	Mh.Mh
舌	Mi.Mi
竹	MaMi.MaMi
攵	Mo.Mo
𨸏	My.My
氣	My.My	//tc
气	My.My	//tc
亻	N.N
𦥑	Nb.Nb
𦥔	Nb.Nb
身	Nc.Nc
川	Nd.Nd
𫶧	Nd.Nd
𣶒	Nd.Nd
隹	Ni.Ni
鬼	Nj.Nj
白	Nk.Nk
自	Nl.Nl
片	Nx.Nx
八	O.O
人	Od.Od
入	Oda.Oda
𠆢	Od.Od
行	Oi.Oi
彳	Oi.Oi
乂	Os.Os
㐅	Os.Os
𠂭	Os.Os
食	Ox.Ox
飠	Ox.Ox
饣	Ox.Ox
𩙿	Ox.Ox
金	P.P
釒	P.P
钅	P.P
斤	Pd.Pd
𠂆	Pd.Pd
彡	Pd.Pd
丘	Pda.Pda
釆	Pf.Pf
豸	Pq.Pq
瓜	Ps.Ps
爪	Pv.Pv
爫	Pv.Pv
舟	Py.Py
月	Q.Q
⺆	Q.Q
几	Qd.Qd
𠘨	Qd.Qd
𠘧	Qd.Qd
凡	Qda.Qda
風	Qi.Qi
犭	Qm.Qm
殳	Qx.Qx
九	Qy.Qy
丸	Qya.Qya
魚	R.R	//tc
鱼	R.R	//tc
𠂊	R.R
儿	Rd.Rd
氏	Rh.Rh
𧘇	Rh.Rh
欠	Ro.Ro
匕	Rr.Rr
𠤎	Rr.Rr
夕	Rs.Rs
夂	Rs.Rs
夊	Rs.Rs
包	Ry.Ry
匃	Ry.Ry
勹	Ry.Ry
鳥	Rz.Rz	//tc
鸟	Rz.Rz	//tc
烏	Rza.Rz	//tc
乌	Rza.Rz	//tc
言	S.S
丶	S.S
亠	S.S
訁	S.S
讠	S.S
辛	Se.Se
亡	Sh.Sh
龍	Si.Si	//tc. sc Sia to leave room for 让
文	So.So
立	Su.Su
方	Sy.Sy
病	T.T
疒	T.T
冫	Td.Td
⺀	Td.Td
广	Tg.Tg	//tc
丬	Ti.Ti
门	Tl.Tl	//tc
鹿	Tx.Tx
忄	U.U
㣺	U.U
䒑	Ua.Ua
半	Ub.Ub
𢆉	Ub.Ub
𠔉	Ub.Ub
羊	Uc.Uc
𦍌	Uc.Uc
丷	Ud.Ud
米	Uf.Uf
火	Uo.Uo
灬	Uo.Uo
氵	V.V
𭕄	Vd.Vd
之	W.W
辶	W.W
定	Wd.Wd
宀	Wd.Wd
戶	Wm.Wm	//tc
户	Wm.Wm	//tc
戸	AXm.AXm
穴	Wo.Wo
礻	Ws.Ws
衤	Wt.Wt
冖	Ww.Ww
黽	Wx.Wx
心	Wz.Wz
马	X.X	//tc
乛	X.X
𠃍	X.X
㇇	X.X
コ	X.X
ユ	X.X
𦘒	Xb.Xb
肀	Xb.Xb
彐	Xb.Xb
門	Xd.Xd
皮	Xi.Xi
尸	Xm.Xm
𠃜	Xm.Xm
尹	Xma.Xma
艮	Xo.Xo
又	X.X	//tc. normally Xs
癶	Xs.Xs
龴	Xs.Xs
ス	Xs.Xs
了	Y.Y
阝	Y.Y
廴	Y.Y
𠃌	Y.Y
𠄎	Y.Y
㠯	Y.Y
卩	Y.Y
子	Y.Y
孑	Y.Y
孒	Y.Y
刀	Yd.Yd
乙	Yda.Yda
乁	Yda.Yda
⺄	Yda.Yda
乀	Yda.Yda
也	Yi.Yi
巴	Yi.Yi
力	Ym.Ym
习	Yt.Yt
己	Yyv.Yyv	//leave room for 那 yy
已	Yy.Yy
㔾	Yyb.Yyb
弓	Yz.Yz
𢎜	Yz.Yz
𢎨	Yz.Yz
糸	Z.Z
糹	Z.Z	//tc
纟	Z.Z	//tc
乚	Z.Z
𠃑	Z.Z
𠄌	Z.Z
𠃋	Z.Z
𠃊	Z.Z
㇉	Z.Z
巛	Zd.Zd
巜	Zd.Zd
爿	Zi.Zi
凵	Zi.Zi
丩	Zi.Zi
丱	Zi.Zi
屮	Zi.Zi
女	Zm.Zm
彑	Zm.Zm
厶	Zs.Zs
䜌	Zs.Zs
㐃	Zsi.Zsi
母	Zy.Zy
毌	Zy.Zy
ㄅ	Ry.Ry	b
ㄆ	Rs.Rs	p
ㄇ	Ld.Ld	m
ㄈ	H.H	f
ㄪ	AYm.AYm	v
ㄉ	MYd.MYd	d
ㄊ	Hd.Hd	t
ㄋ	Y.Y	n
ㄌ	MYm.MYm	l
ㄍ	Zd.Zd	g
ㄎ	AZ.AZ	k
ㄫ	Gr.Gr	ng
ㄏ	Gg.Gg	h
ㄐ	Zi.Zi	j
ㄑ	Z.Z	q
ㄬ	T.T	gn
ㄒ	AI.AI	x
ㄓ	ZiA.ZiA	zh
ㄔ	Oi.Oi	ch
ㄕ	Xm.Xm	sh
ㄖ	JdS.JdS	r
ㄗ	Y.Y	z
ㄘ	AZX.AZX	c
ㄙ	Zs.Zs	s
ㄚ	UdI.UdI	a
ㄛ	AIH.AIH	o
ㄜ	EdH.EdH	e
ㄝ	EdZ.EdZ	ie
ㄞ	AZM.AZM	ai
ㄟ	Yda.Yda	ei
ㄠ	ZZs.ZZs	ao
ㄡ	Xs.Xs	ou
ㄢ	XZX.XZX	an
ㄣ	ZX.ZX	en
ㄤ	Gr.Gr	ang
ㄥ	Z.Z	eng
ㄦ	Nd.Nd	er
ㄧ	A.A	yi
ㄨ	Os.Os	wu
ㄩ	Zi.Zi	yu
ㄭ	ALi.ALi	(z)i
ㆠ	RyJ.RyJ	bb
ㆣ	ZdJ.ZdJ	gg
ㆢ	ZiJ.ZiJ	jj
ㆡ	YJ.YJ	zz
ㆨ	OsA.OsA	ir
ㆦ	AIZm.AIZm	oo
ㆤ	YZA.YZA	e
ㆩ	UdIJ.UdIJ	na
ㆧ	AIZmJ.AIZJ	no
ㆥ	YZAJ.YZAJ	ne
ㆪ	AJ.AJ	ni
ㆳ	IJ.IJ	ni
ㆫ	OsJ.OsJ	nu
ㆮ	AZMJ.AZMJ	nai
ㆯ	ZZJ.ZZJ	nau
ㆰ	UdLdI.UdLI	am
ㆱ	ALdIH.ALIH	om
ㆲ	Bi.Bi	ong
ㆬ	LdI.LdI	m
ㆭ	GrI.GrI	ng
ㆴ	Ry.Ry	-p
ㆵ	MYd.MYd	-t
ㆻ	Zd.Zd	-k
ㆶ	AZ.AZ	-k*
ㆷ	Gg.Gg	-h
ㆼ	Zm.Zm	gw
ㆽ	AZm.AZm	kw
ㆾ	ZA.ZA	eo
ㆿ	O.O	a
ア	YM.YM
イ	N.N
ウ	IIY.IIY
エ	Bi.Bi
オ	DM.DM
カ	Ym.Ym
キ	Bi.Bi
ク	R.R
ケ	MaM.MaM
コ	X.X
サ	EdM.EdM
シ	TdA.TdA
ス	RsA.RsA
セ	YzA.YzA
ソ	Td.Td
タ	Rs.Rs
チ	MGd.MGd
ツ	TdM.TdM
テ	BdM.BdM
ト	Id.Id
ナ	Gd.Gd
ニ	Bd.Bd
ヌ	Xs.Xs
ネ	Ws.Ws
ノ	Y.Y
ハ	O.O
ヒ	Rr.Rr
フ	Y.Y
ヘ	Yda.Yda
ホ	F.F
マ	YS.YS
ミ	V.V
ム	Zs.Zs
メ	Xo.Xo
モ	AHd.AHd
ヤ	YI.YI
ユ	X.X
ヨ	Xb.Xb
ラ	AY.AY
リ	Kd.Kd
ル	Rd.Rd
レ	Z.Z
ロ	J.J
ワ	IY.IY
ヰ	Mb.Mb
ヱ	YIA.YIA
ヲ	YA.YA
ン	SA.SA
a	A.A
b	B.B
c	C.C
d	D.D
e	E.E
f	F.F
g	G.G
j	J.J
h	H.H
i	I.I
j	J.J
k	K.K
l	L.L
m	M.M
n	N.N
o	O.O
p	P.P
q	Q.Q
r	R.R
s	S.S
t	T.T
u	U.U
v	V.V
w	W.W
x	X.X
y	Y.Y
z	Z.Z
A	A.A
B	B.B
C	C.C
D	D.D
E	E.E
F	F.F
G	G.G
J	J.J
H	H.H
I	I.I
J	J.J
K	K.K
L	L.L
M	M.M
N	N.N
O	O.O
P	P.P
Q	Q.Q
R	R.R
S	S.S
T	T.T
U	U.U
V	V.V
W	W.W
X	X.X
Y	Y.Y
Z	Z.Z
ぁ	Xa.Xa
あ	Xa.Xa
ぃ	Xi.Xi
い	Xi.Xi
ぅ	Xu.Xu
う	Xu.Xu
ぇ	Xe.Xe
え	Xe.Xe
ぉ	Xo.Xo
お	Xo.Xo
か	Ka.Ka
が	Ga.Ga
き	Ki.Ki
ぎ	Gi.Gi
く	Ku.Ku
ぐ	Gu.Gu
け	Ke.Ke
げ	Ge.Ge
こ	Ko.Ko
ご	Go.Go
さ	Sa.Sa
ざ	Za.Za
し	Si.Si
じ	Zi.Zi
す	Su.Su
ず	Zu.Zu
せ	Se.Se
ぜ	Ze.Ze
そ	So.So
ぞ	Zo.Zo
た	Ta.Ta
だ	Da.Da
ち	Ti.Ti
ぢ	Di.Di
っ	Tu.Tu
つ	Tu.Tu
づ	Du.Du
て	Te.Te
で	De.De
と	To.To
ど	Do.Do
な	Na.Na
に	Ni.Ni
ぬ	Nu.Nu
ね	Ne.Ne
の	No.No
は	Ha.Ha
ば	Ba.Ba
ぱ	Pa.Pa
ひ	Hi.Hi
び	Bi.Bi
ぴ	Pi.Pi
ふ	Hu.Hu
ぶ	Bu.Bu
ぷ	Pu.Pu
へ	He.He
べ	Be.Be
ぺ	Pe.Pe
ほ	Ho.Ho
ぼ	Bo.Bo
ぽ	Po.Po
ま	Ma.Ma
み	Mi.Mi
む	Mu.Mu
め	Me.Me
も	Mo.Mo
ゃ	Ya.Ya
や	Ya.Ya
ゅ	Yu.Yu
ゆ	Yu.Yu
ょ	Yo.Yo
よ	Yo.Yo
ら	Ra.Ra
り	Ri.Ri
る	Ru.Ru
れ	Re.Re
ろ	Ro.Ro
ゎ	Wa.Wa
わ	Wa.Wa
𛅐	Wi.Wi
ゐ	Wi.Wi
𛅑	We.We
ゑ	We.We
𛅒	Wo.Wo
を	Wo.Wo
ん	Nn.Nn
𛅧	Nn.Nn
ゔ	Vu.Vu
ァ	Xa.Xa
ア	Xa.Xa
ィ	Xi.Xi
イ	Xi.Xi
ゥ	Xu.Xu
ウ	Xu.Xu
ェ	Xe.Xe
エ	Xe.Xe
ォ	Xo.Xo
オ	Xo.Xo
カ	Ka.Ka
ヵ	Ka.Ka
ガ	Ga.Ga
キ	Ki.Ki
ギ	Gi.Gi
ク	Ku.Ku
ㇰ	Ku.Ku
グ	Gu.Gu
ケ	Ke.Ke
ヶ	Ke.Ke
ゲ	Ge.Ge
コ	Ko.Ko
ゴ	Go.Go
サ	Sa.Sa
ザ	Za.Za
シ	Si.Si
ㇱ	Si.Si
ジ	Zi.Zi
ス	Su.Su
ㇲ	Su.Su
ズ	Zu.Zu
セ	Se.Se
ゼ	Ze.Ze
ソ	So.So
ゾ	Zo.Zo
タ	Ta.Ta
ダ	Da.Da
チ	Ti.Ti
ヂ	Di.Di
ッ	Tu.Tu
ツ	Tu.Tu
ヅ	Du.Du
テ	Te.Te
デ	De.De
ト	To.To
ㇳ	To.To
ド	Do.Do
ナ	Na.Na
ニ	Ni.Ni
ヌ	Nu.Nu
ㇴ	Nu.Nu
ネ	Ne.Ne
ノ	No.No
ハ	Ha.Ha
ㇵ	Ha.Ha
バ	Ba.Ba
パ	Pa.Pa
ヒ	Hi.Hi
ㇶ	Hi.Hi
ビ	Bi.Bi
ピ	Pi.Pi
フ	Hu.Hu
ㇷ	Hu.Hu
ブ	Bu.Bu
プ	Pu.Pu
ヘ	He.He
ㇸ	He.He
ベ	Be.Be
ペ	Pe.Pe
ホ	Ho.Ho
ㇹ	Ho.Ho
ボ	Bo.Bo
ポ	Po.Po
マ	Ma.Ma
ミ	Mi.Mi
ム	Mu.Mu
ㇺ	Mu.Mu
メ	Me.Me
モ	Mo.Mo
ャ	Ya.Ya
ヤ	Ya.Ya
ュ	Yu.Yu
ユ	Yu.Yu
ョ	Yo.Yo
ヨ	Yo.Yo
ラ	Ra.Ra
ㇻ	Ra.Ra
リ	Ri.Ri
ㇼ	Ri.Ri
ル	Ru.Ru
ㇽ	Ru.Ru
レ	Re.Re
ㇾ	Re.Re
ロ	Ro.Ro
ㇿ	Ro.Ro
ワ	Wa.Wa
ヮ	Wa.Wa
ヰ	Wi.Wi
𛅤	Wi.Wi
ヱ	We.We
𛅥	We.We
𛅦	Wo.Wo
ヲ	Wo.Wo
ン	N.N 
ヴ	Vu.Vu
ヷ	Va.Va
ヸ	Vi.Vi
ヹ	Ve.Ve
ヺ	Vo.Vo
ー	L.L 
𛀀	Xe.Xe
𛀀	Ye.Ye
𛀂	Xa.Xa
𛀅	Xa.Xa
𛀃	Xa.Xa
𛀄	Xa.Xa
𛀆	Xi.Xi
𛀇	Xi.Xi
𛀈	Xi.Xi
𛀉	Xi.Xi
𛀊	Xu.Xu
𛀋	Xu.Xu
𛀌	Xu.Xu
𛀍	Xu.Xu
𛀎	Xu.Xu
𛀁	Ye.Ye
𛀏	Xe.Xe
𛀐	Xe.Xe
𛀑	Xe.Xe
𛀒	Xe.Xe
𛀓	Xe.Xe
𛀔	Xo.Xo
𛀕	Xo.Xo
𛀖	Xo.Xo
𛀗	Ka.Ka
𛀘	Ka.Ka
𛀙	Ka.Ka
𛀚	Ka.Ka
𛀛	Ka.Ka
𛀢	Ka.Ka
𛀜	Ka.Ka
𛀝	Ka.Ka
𛀞	Ka.Ka
𛀟	Ka.Ka
𛀠	Ka.Ka
𛀡	Ka.Ka
𛀣	Ki.Ki
𛀤	Ki.Ki
𛀥	Ki.Ki
𛀦	Ki.Ki
𛀻	Ki.Ki
𛀧	Ki.Ki
𛀨	Ki.Ki
𛀩	Ki.Ki
𛀪	Ki.Ki
𛀫	Ku.Ku
𛀬	Ku.Ku
𛀭	Ku.Ku
𛀮	Ku.Ku
𛀯	Ku.Ku
𛀰	Ku.Ku
𛀱	Ku.Ku
𛀳	Ke.Ke
𛀲	Ke.Ke
𛀢	Ke.Ke
𛀴	Ke.Ke
𛀵	Ke.Ke
𛀶	Ke.Ke
𛀷	Ke.Ke
𛀸	Ko.Ko
𛂘	Ko.Ko
𛀹	Ko.Ko
𛀻	Ko.Ko
𛀺	Ko.Ko
𛀼	Sa.Sa
𛀽	Sa.Sa
𛀾	Sa.Sa
𛀿	Sa.Sa
𛁀	Sa.Sa
𛁁	Sa.Sa
𛁂	Sa.Sa
𛁃	Sa.Sa
𛁄	Si.Si
𛁅	Si.Si
𛁆	Si.Si
𛁇	Si.Si
𛁈	Si.Si
𛁉	Si.Si
𛁊	Su.Su
𛁋	Su.Su
𛁌	Su.Su
𛁍	Su.Su
𛁎	Su.Su
𛁏	Su.Su
𛁐	Su.Su
𛁑	Su.Su
𛁒	Se.Se
𛁓	Se.Se
𛁔	Se.Se
𛁕	Se.Se
𛁖	Se.Se
𛁗	So.So
𛁘	So.So
𛁙	So.So
𛁚	So.So
𛁛	So.So
𛁜	So.So
𛁝	So.So
𛁞	Ta.Ta
𛁟	Ta.Ta
𛁠	Ta.Ta
𛁡	Ta.Ta
𛁢	Ti.Ti
𛁣	Ti.Ti
𛁤	Ti.Ti
𛁥	Ti.Ti
𛁦	Ti.Ti
𛁧	Ti.Ti
𛁨	Ti.Ti
𛁩	Tu.Tu
𛁪	Tu.Tu
𛁫	Tu.Tu
𛁬	Tu.Tu
𛁭	Tu.Tu
𛁮	Te.Te
𛁯	Te.Te
𛁰	Te.Te
𛁱	Te.Te
𛁲	Te.Te
𛁳	Te.Te
𛁴	Te.Te
𛁵	Te.Te
𛁶	Te.Te
𛂎	Te.Te
𛁷	To.To
𛁸	To.To
𛁹	To.To
𛁺	To.To
𛁻	To.To
𛁼	To.To
𛁽	To.To
𛁭	To.To
𛁾	Na.Na
𛁿	Na.Na
𛂀	Na.Na
𛂁	Na.Na
𛂂	Na.Na
𛂃	Na.Na
𛂄	Na.Na
𛂅	Na.Na
𛂆	Na.Na
𛂇	Ni.Ni
𛂈	Ni.Ni
𛂉	Ni.Ni
𛂊	Ni.Ni
𛂋	Ni.Ni
𛂌	Ni.Ni
𛂍	Ni.Ni
𛂎	Ni.Ni
𛂏	Nu.Nu
𛂐	Nu.Nu
𛂑	Nu.Nu
𛂒	Ne.Ne
𛂓	Ne.Ne
𛂔	Ne.Ne
𛂕	Ne.Ne
𛂖	Ne.Ne
𛂗	Ne.Ne
𛂘	Ne.Ne
𛂙	No.No
𛂚	No.No
𛂛	No.No
𛂜	No.No
𛂝	No.No
𛂞	Ha.Ha
𛂟	Ha.Ha
𛂠	Ha.Ha
𛂡	Ha.Ha
𛂢	Ha.Ha
𛂣	Ha.Ha
𛂤	Ha.Ha
𛂥	Ha.Ha
𛂦	Ha.Ha
𛂧	Ha.Ha
𛂨	Ha.Ha
𛂩	Hi.Hi
𛂪	Hi.Hi
𛂫	Hi.Hi
𛂬	Hi.Hi
𛂭	Hi.Hi
𛂮	Hi.Hi
𛂯	Hi.Hi
𛂰	Hu.Hu
𛂱	Hu.Hu
𛂲	Hu.Hu
𛂳	He.He
𛂴	He.He
𛂵	He.He
𛂶	He.He
𛂷	He.He
𛂸	He.He
𛂹	He.He
𛂺	Ho.Ho
𛂻	Ho.Ho
𛂼	Ho.Ho
𛂽	Ho.Ho
𛂾	Ho.Ho
𛂿	Ho.Ho
𛃀	Ho.Ho
𛃁	Ho.Ho
𛃂	Ma.Ma
𛃃	Ma.Ma
𛃄	Ma.Ma
𛃅	Ma.Ma
𛃆	Ma.Ma
𛃇	Ma.Ma
𛃈	Ma.Ma
𛃖	Ma.Ma
𛃉	Mi.Mi
𛃊	Mi.Mi
𛃋	Mi.Mi
𛃌	Mi.Mi
𛃍	Mi.Mi
𛃎	Mi.Mi
𛃏	Mi.Mi
𛃐	Mu.Mu
𛃑	Mu.Mu
𛃒	Mu.Mu
𛃓	Mu.Mu
𛄝	Mu.Mu
𛄞	Mu.Mu
𛃔	Me.Me
𛃕	Me.Me
𛃖	Me.Me
𛃗	Mo.Mo
𛃘	Mo.Mo
𛃙	Mo.Mo
𛃚	Mo.Mo
𛃛	Mo.Mo
𛃜	Mo.Mo
𛄝	Mo.Mo
𛄞	Mo.Mo
𛃝	Ya.Ya
𛃞	Ya.Ya
𛃟	Ya.Ya
𛃠	Ya.Ya
𛃡	Ya.Ya
𛃢	Ya.Ya
𛀆	Yi.Yi
𛃣	Yu.Yu
𛃤	Yu.Yu
𛃥	Yu.Yu
𛃦	Yu.Yu
𛀁	Ye.Ye
𛃧	Yo.Yo
𛃨	Yo.Yo
𛃩	Yo.Yo
𛃪	Yo.Yo
𛃫	Yo.Yo
𛃬	Yo.Yo
𛃢	Yo.Yo
𛃭	Ra.Ra
𛃮	Ra.Ra
𛃯	Ra.Ra
𛃰	Ra.Ra
𛁽	Ra.Ra
𛃱	Ri.Ri
𛃲	Ri.Ri
𛃳	Ri.Ri
𛃴	Ri.Ri
𛃵	Ri.Ri
𛃶	Ri.Ri
𛃷	Ri.Ri
𛃸	Ru.Ru
𛃹	Ru.Ru
𛃺	Ru.Ru
𛃻	Ru.Ru
𛃼	Ru.Ru
𛃽	Ru.Ru
𛃾	Re.Re
𛃿	Re.Re
𛄀	Re.Re
𛄁	Re.Re
𛄂	Ro.Ro
𛄃	Ro.Ro
𛄄	Ro.Ro
𛄅	Ro.Ro
𛄆	Ro.Ro
𛄇	Ro.Ro
𛄈	Wa.Wa
𛄉	Wa.Wa
𛄊	Wa.Wa
𛄋	Wa.Wa
𛄌	Wa.Wa
𛄍	Wi.Wi
𛄎	Wi.Wi
𛄏	Wi.Wi
𛄐	Wi.Wi
𛄑	Wi.Wi
𛄒	We.We
𛄓	We.We
𛄔	We.We
𛄕	We.We
𛄖	Wo.Wo
𛄗	Wo.Wo
𛄘	Wo.Wo
𛄙	Wo.Wo
𛄚	Wo.Wo
𛄛	Wo.Wo
𛄜	Wo.Wo
𛀅	Wo.Wo
𛄝	Nn.Nn
𛄞	Nn.Nn
